,
,
,
,
,
Tipo,Frecuencia (Hz)
2,"22,37"
2,"44,73"
2,"67,1"
2,"89,46"
2,"111,83"
2,"134,19"
2,"156,56"
2,"178,92"
2,"201,29"
2,"18,39"
1,"28,95"
1,"48,36"
1,"69,57"
1,"91,33"
1,"113,33"
1,"135,45"
1,"157,63"
1,"179,87"
1,"202,13"
2,"36,77"
1,"43,04"
1,"57,91"
1,"76,51"
1,"96,72"
1,"117,72"
1,"139,14"
1,"160,82"
1,"182,66"
1,"204,62"
2,"55,16"
1,"59,52"
1,"71,02"
1,"86,86"
1,"105,1"
1,"124,69"
1,"145,09"
1,"165,99"
1,"187,23"
1,"208,71"
2,"73,55"
1,"76,87"
1,"86,08"
1,"99,55"
1,"115,81"
1,"133,84"
1,"153,02"
1,"172,97"
1,"193,45"
1,"214,3"
2,"91,93"
1,"94,61"
1,"102,24"
1,"113,81"
1,"128,28"
1,"144,76"
1,"162,66"
1,"181,55"
1,"201,16"
1,"221,29"
2,"110,32"
1,"112,56"
1,"119,04"
1,"129,12"
1,"142,03"
1,"157,08"
1,"173,72"
1,"191,52"
1,"210,2"
1,"229,54"
2,"128,7"
1,"130,63"
1,"136,26"
1,"145,14"
1,"156,74"
1,"170,5"
1,"185,94"
1,"202,67"
1,"220,41"
1,"238,92"
2,"147,09"
1,"148,78"
1,"153,74"
1,"161,67"
1,"172,16"
1,"184,77"
1,"199,11"
1,"214,82"
1,"231,62"
1,"249,31"
2,"165,48"
1,"166,98"
1,"171,42"
1,"178,56"
1,"188,11"
1,"199,72"
1,"213,05"
1,"227,8"
1,"243,71"
1,"260,58"
2,"29,31"
1,"36,87"
1,"53,48"
1,"73,22"
1,"94,14"
1,"115,6"
1,"137,36"
1,"159,28"
1,"181,31"
1,"203,41"
1,"34,6"
0,"41,2"
0,"56,55"
0,"75,49"
0,"95,92"
0,"117,06"
0,"138,58"
0,"160,34"
0,"182,24"
0,"204,24"
1,"47,02"
0,"52,07"
0,"64,9"
0,"81,93"
0,"101,07"
0,"121,31"
0,"142,19"
0,"163,47"
0,185
0,"206,71"
1,"62,46"
0,"66,35"
0,"76,83"
0,"91,67"
0,"109,11"
0,"128,09"
0,"148,02"
0,"168,56"
0,"189,51"
0,"210,76"
1,"79,17"
0,"82,27"
0,"90,93"
0,"103,78"
0,"119,46"
0,"137,02"
0,"155,81"
0,"175,44"
0,"195,66"
0,"216,3"
1,"96,49"
0,"99,05"
0,"106,35"
0,"117,53"
0,"131,58"
0,"147,7"
0,"165,28"
0,"183,9"
0,"203,28"
0,"223,22"
1,"114,15"
0,"116,32"
0,"122,6"
0,"132,4"
0,"145,03"
0,"159,8"
0,"176,17"
0,"193,75"
0,"212,23"
0,"231,4"
1,132
0,"133,88"
0,"139,37"
0,"148,07"
0,"159,46"
0,173
0,"188,23"
0,"204,78"
0,"222,35"
0,"240,71"
1,"149,98"
0,"151,64"
0,"156,51"
0,"164,31"
0,"174,64"
0,"187,08"
0,"201,25"
0,"216,81"
0,"233,47"
0,"251,02"
1,"168,05"
0,"169,53"
0,"173,9"
0,"180,95"
0,"190,38"
0,"201,86"
0,"215,06"
0,"229,68"
0,"245,47"
0,"262,22"
2,"58,62"
1,"62,74"
1,"73,74"
1,"89,1"
1,"106,96"
1,"126,26"
1,"146,44"
1,"167,17"
1,"188,28"
1,"209,65"
1,"61,44"
0,"65,38"
0,76
0,"90,97"
0,"108,53"
0,"127,59"
0,"147,59"
0,"168,18"
0,"189,18"
0,"210,46"
1,"69,2"
0,"72,72"
0,"82,4"
0,"96,39"
0,"113,1"
0,"131,51"
0,"150,98"
0,"171,17"
0,"191,84"
0,"212,85"
1,"80,49"
0,"83,54"
0,"92,09"
0,"104,79"
0,"120,34"
0,"137,78"
0,"156,48"
0,"176,04"
0,"196,2"
0,"216,79"
1,"94,05"
0,"96,67"
0,"104,14"
0,"115,53"
0,"129,8"
0,"146,12"
0,"163,87"
0,"182,64"
0,"202,14"
0,"222,18"
1,"109,03"
0,"111,3"
0,"117,85"
0,"128,02"
0,"141,04"
0,"156,18"
0,"172,9"
0,"190,78"
0,"209,53"
0,"228,92"
1,"124,93"
0,"126,91"
0,"132,69"
0,"141,8"
0,"153,66"
0,"167,67"
0,"183,34"
0,"200,29"
0,"218,22"
0,"236,9"
1,"141,43"
0,"143,18"
0,"148,33"
0,"156,53"
0,"167,35"
0,"180,3"
0,"194,96"
0,"210,98"
0,"228,07"
0,"246,01"
1,"158,34"
0,"159,91"
0,"164,54"
0,"171,97"
0,"181,87"
0,"193,85"
0,"207,56"
0,"222,67"
0,"238,93"
0,"256,1"
1,"175,55"
0,"176,97"
0,"181,16"
0,"187,94"
0,"197,03"
0,"208,15"
0,"220,97"
0,"235,22"
0,"250,66"
0,"267,09"
2,"87,93"
1,"90,73"
1,"98,65"
1,"110,61"
1,"125,44"
1,"142,26"
1,"160,44"
1,"179,56"
1,"199,36"
1,"219,66"
1,"89,83"
0,"92,58"
0,"100,35"
0,"112,12"
0,"126,78"
0,"143,44"
0,"161,49"
0,"180,5"
0,"200,21"
0,"220,43"
1,"95,31"
0,"97,9"
0,"105,29"
0,"116,56"
0,"130,72"
0,"146,93"
0,"164,6"
0,"183,29"
0,"202,73"
0,"222,71"
1,"103,8"
0,"106,18"
0,"113,03"
0,"123,6"
0,"137,03"
0,"152,58"
0,"169,65"
0,"187,84"
0,"206,85"
0,"226,48"
1,"114,63"
0,"116,79"
0,"123,05"
0,"132,83"
0,"145,41"
0,"160,14"
0,"176,49"
0,"194,04"
0,"212,5"
0,"231,64"
1,"127,21"
0,"129,16"
0,"134,85"
0,"143,82"
0,"155,52"
0,"169,38"
0,"184,91"
0,"201,73"
0,"219,54"
0,"238,12"
1,"141,07"
0,"142,84"
0,148
0,"156,22"
0,"167,05"
0,"180,02"
0,"194,7"
0,"210,74"
0,"227,85"
0,"245,8"
1,"155,87"
0,"157,47"
0,"162,17"
0,"169,7"
0,"179,72"
0,"191,84"
0,"205,68"
0,"220,92"
0,"237,3"
0,"254,59"
1,"171,37"
0,"172,82"
0,"177,11"
0,"184,04"
0,"193,32"
0,"204,63"
0,"217,66"
0,"232,12"
0,"247,75"
0,"264,36"
1,"187,39"
0,"188,72"
0,"192,65"
0,"199,04"
0,"207,65"
0,"218,22"
0,"230,48"
0,"244,18"
0,"259,09"
0,"275,01"
2,"117,24"
1,"119,36"
1,"125,48"
1,"135,08"
1,"147,48"
1,"162,02"
1,"178,19"
1,"195,59"
1,"213,91"
1,"232,94"
1,"118,67"
0,"120,76"
0,"126,82"
0,"136,33"
0,"148,62"
0,"163,06"
0,"179,14"
0,"196,45"
0,"214,7"
0,"233,67"
1,"122,87"
0,"124,89"
0,"130,76"
0,140
0,"151,99"
0,"166,14"
0,"181,95"
0,"199,02"
0,"217,05"
0,"235,83"
1,"129,57"
0,"131,48"
0,"137,07"
0,"145,91"
0,"157,45"
0,"171,15"
0,"186,54"
0,"203,22"
0,"220,91"
0,"239,39"
1,"138,4"
0,"140,2"
0,"145,45"
0,"153,81"
0,"164,8"
0,"177,93"
0,"192,77"
0,"208,96"
0,"226,2"
0,"244,28"
1,"148,99"
0,"150,66"
0,"155,56"
0,"163,4"
0,"173,78"
0,"186,29"
0,"200,51"
0,"216,12"
0,"232,83"
0,"250,43"
1,"160,98"
0,"162,53"
0,"167,08"
0,"174,41"
0,"184,17"
0,"196,01"
0,"209,58"
0,"224,56"
0,"240,69"
0,"257,75"
1,"174,1"
0,"175,53"
0,"179,75"
0,"186,58"
0,"195,74"
0,"206,92"
0,"219,81"
0,"234,14"
0,"249,65"
0,"266,13"
1,"188,1"
0,"189,42"
0,"193,34"
0,"199,71"
0,"208,29"
0,"218,83"
0,"231,06"
0,"244,73"
0,"259,61"
0,"275,5"
1,"202,8"
0,"204,03"
0,"207,68"
0,"213,61"
0,"221,66"
0,"231,59"
0,"243,18"
0,"256,2"
0,"270,45"
0,"285,74"
2,"146,55"
1,"148,25"
1,"153,23"
1,"161,18"
1,"171,7"
1,"184,34"
1,"198,71"
1,"214,45"
1,"231,28"
1,"248,99"
1,"147,7"
0,"149,38"
0,"154,33"
0,"162,23"
0,"172,68"
0,"185,26"
0,"199,56"
0,"215,23"
0,"232,01"
0,"249,67"
1,"151,09"
0,"152,74"
0,"157,58"
0,"165,32"
0,"175,59"
0,"187,98"
0,"202,08"
0,"217,58"
0,"234,19"
0,"251,69"
1,"156,59"
0,"158,18"
0,"162,85"
0,"170,36"
0,"180,34"
0,"192,42"
0,"206,22"
0,"221,43"
0,"237,77"
0,"255,02"
1,"163,97"
0,"165,49"
0,"169,96"
0,"177,17"
0,"186,79"
0,"198,47"
0,"211,88"
0,"226,71"
0,"242,69"
0,"259,62"
1,173
0,"174,44"
0,"178,69"
0,"185,56"
0,"194,76"
0,206
0,"218,94"
0,"233,32"
0,"248,88"
0,"265,42"
1,"183,43"
0,"184,79"
0,"188,81"
0,"195,32"
0,"204,09"
0,"214,83"
0,"227,28"
0,"241,16"
0,"256,24"
0,"272,33"
1,"195,04"
0,"196,32"
0,"200,11"
0,"206,26"
0,"214,58"
0,"224,83"
0,"236,75"
0,"250,11"
0,"264,68"
0,"280,28"
1,"207,64"
0,"208,84"
0,"212,4"
0,"218,21"
0,"226,09"
0,"235,84"
0,"247,23"
0,"260,05"
0,"274,09"
0,"289,19"
1,"221,04"
0,"222,17"
0,"225,52"
0,231
0,"238,46"
0,"247,72"
0,"258,59"
0,"270,87"
0,"284,38"
0,"298,96"
2,"175,86"
1,"177,28"
1,"181,46"
1,"188,23"
1,"197,31"
1,"208,41"
1,"221,21"
1,"235,45"
1,"250,88"
1,"267,29"
1,"176,82"
0,"178,23"
0,"182,39"
0,"189,12"
0,"198,16"
0,"209,21"
0,"221,98"
0,"236,17"
0,"251,55"
0,"267,92"
1,"179,67"
0,"181,05"
0,"185,15"
0,"191,79"
0,"200,71"
0,"211,62"
0,"224,25"
0,"238,31"
0,"253,56"
0,"269,81"
1,"184,31"
0,"185,66"
0,"189,66"
0,"196,14"
0,"204,87"
0,"215,58"
0,"227,99"
0,"241,83"
0,"256,87"
0,"272,92"
1,"190,62"
0,"191,93"
0,"195,8"
0,"202,08"
0,"210,57"
0,221
0,"233,12"
0,"246,67"
0,"261,44"
0,"277,23"
1,"198,44"
0,"199,7"
0,"203,42"
0,"209,48"
0,"217,67"
0,"227,78"
0,"239,56"
0,"252,76"
0,"267,19"
0,"282,66"
1,"207,6"
0,"208,8"
0,"212,36"
0,"218,17"
0,"226,06"
0,"235,8"
0,"247,19"
0,"260,02"
0,"274,06"
0,"289,16"
1,"217,93"
0,"219,07"
0,"222,47"
0,"228,02"
0,"235,58"
0,"244,94"
0,"255,93"
0,"268,33"
0,"281,97"
0,"296,66"
1,"229,27"
0,"230,35"
0,"233,59"
0,"238,88"
0,"246,1"
0,"255,09"
0,"265,65"
0,"277,62"
0,"290,82"